[
  {
    "pk": 1,
    "model": "auth.user",
    "fields": {
      "username": "admin",
      "first_name": "",
      "last_name": "",
      "is_active": true,
      "is_superuser": true,
      "is_staff": true,
      "last_login": "2013-09-09T10:24:45Z",
      "groups": {},
      "user_permissions": {},
      "password": "pbkdf2_sha256$10000$5IEz2lZgs9YM$yy3m0erph+swENyLw1mBQ2tuP/NLYsU8ZrbOk1ieo1A=",
      "email": "",
      "date_joined": "2013-09-09T10:24:45Z"
    }
  },
  {
    "pk": 2,
    "model": "auth.user",
    "fields": {
      "username": "Gruppe1",
      "first_name": "",
      "last_name": "",
      "is_active": true,
      "is_superuser": false,
      "is_staff": false,
      "last_login": "2013-09-09T10:24:45Z",
      "groups": {},
      "user_permissions": {},
      "password": "pbkdf2_sha256$10000$BuQk0EesDSzL$poqMxLRTPW+AkttVYeaYNzLTxc/6hCepXc4HXhCUt3U=",
      "email": "",
      "date_joined": "2013-09-09T10:24:45Z"
    }
  },
  {
    "pk": 3,
    "model": "auth.user",
    "fields": {
      "username": "Gruppe2",
      "first_name": "",
      "last_name": "",
      "is_active": true,
      "is_superuser": false,
      "is_staff": false,
      "last_login": "2013-09-09T10:24:45Z",
      "groups": {},
      "user_permissions": {},
      "password": "pbkdf2_sha256$10000$fq4STqjqgETR$p8FbmEZSRfmkdHj/Et6W/1B/FpuS/0HpWJfQ7xfjTGw=",
      "email": "",
      "date_joined": "2013-09-09T10:24:45Z"
    }
  },
  {
    "pk": 4,
    "model": "auth.user",
    "fields": {
      "username": "Gruppe3",
      "first_name": "",
      "last_name": "",
      "is_active": true,
      "is_superuser": false,
      "is_staff": false,
      "last_login": "2013-09-09T10:24:45Z",
      "groups": {},
      "user_permissions": {},
      "password": "pbkdf2_sha256$10000$BokgmbDW9GwT$b5hCdpHPsaWVmygNcqAUhd85XQJ0jPCTQhL++3QXyb8=",
      "email": "",
      "date_joined": "2013-09-09T10:24:45Z"
    }
  },
  {
    "pk": 5,
    "model": "auth.user",
    "fields": {
      "username": "Gruppe4",
      "first_name": "",
      "last_name": "",
      "is_active": true,
      "is_superuser": false,
      "is_staff": false,
      "last_login": "2013-09-09T10:24:45Z",
      "groups": {},
      "user_permissions": {},
      "password": "pbkdf2_sha256$10000$TFgkq7HrKuMo$H4mzP7l8a1rFESwSRGORI2FsEOih51OlLgWheZnWEk4=",
      "email": "",
      "date_joined": "2013-09-09T10:24:45Z"
    }
  },
  {
    "pk": 6,
    "model": "auth.user",
    "fields": {
      "username": "Gruppe5",
      "first_name": "",
      "last_name": "",
      "is_active": true,
      "is_superuser": false,
      "is_staff": false,
      "last_login": "2013-09-09T10:24:45Z",
      "groups": {},
      "user_permissions": {},
      "password": "pbkdf2_sha256$10000$8EJ3gD40kcWL$08fUf97LrrTI86Bdg+407k0JtIrpQ1rvNGqF2+iCy/c=",
      "email": "",
      "date_joined": "2013-09-09T10:24:45Z"
    }
  },
  {
    "pk": 1,
    "model": "database.constance",
    "fields": {
      "value": "gAJYEAAAAFdpc3NlbiBpc3QgTWFjaHRxAS4=",
      "key": "title"
    }
  },
  {
    "pk": 2,
    "model": "database.constance",
    "fields": {
      "value": "gAJYPQAAAEVpbiBXTEFOLVBsYW5zcGllbCB6dW0gVGhlbWEgUHJpdmF0c3NwaMOkcmVuLSB1bmQgRGF0ZW5zY2h1dHpxAS4=",
      "key": "subtitle"
    }
  },
  {
    "pk": 3,
    "model": "database.constance",
    "fields": {
      "value": "gAJYJgAAAEhlcnpsaWNoIFdpbGxrb21tZW4genVtIFdMQU4tUGxhbnNwaWVscQEu",
      "key": "headline"
    }
  },
  {
    "pk": 4,
    "model": "database.constance",
    "fields": {
      "value": "gAJY4AsAAERhcyBJbmZvcm1hdGlvbnN6ZWl0YWx0ZXIgaGF0IHZpZWxlIEZhY2V0dGVuLiBQb2xpdGlrLCBHZWhlaW1kaWVuc3RlLCBJVC1VbnRlcm5laG1lbiwgTWVkaWVuIHVuZCBQcml2YXRlIGFnaWVyZW4gdmllbGbDpGx0aWcgaW0gTmV0ejogVmVyZGVja3Qgb2RlciBvZmZlbiwgSGF1cHRzYWNoZSBzY2huZWxsIHVuZCBpbmZvcm1hdGl2IG3DvHNzZW4gZGllIERhdGVuIHNlaW4sIGRpZSBkdXJjaCBkaWUgTGVpdHVuZ2VuIHJhc2VuLiBXZXIgd2lyZCBhbSBFbmRlIGRhcyBtZWlzdGUgV2lzc2VuIGhhYmVuLCBzaWNoIGRpZSBtZWlzdGUgTWFjaHQgc2ljaGVybj8NCg0KRGFzIFppZWwgZGVzIFNwaWVscyBpc3QgZXMsIG3DtmdsaWNoc3QgdmllbGUgUHVua3RlIHp1IGVycmVpY2hlbi4gQWxsZSBTcGllbGVyIHN0YXJ0ZW4gYmVyZWl0cyBtaXQgMjAgUHVua3Rlbi4gV2VyIGFtIEVuZGUgZGllIG1laXN0ZW4gUHVua3RlIGhhdCwgZ2V3aW5udC4gRGFzIFNwaWVsIGRhdWVydCBldHdhIDc1IE1pbnV0ZW4uDQoNCkplZGUgR3J1cHBlIHNwaWVsdCBlaW5lbiBTcGllbGNoYXJha3Rlci4gV8OkaHJlbmQgZGVzIFNwaWVscyBibGVpYmVuIGRpZSBHcnVwcGVuIHVudGVyIHNpY2guIERpZXNlcyBXZWJpbnRlcmZhY2UgdW50ZXJzdMO8dHp0IFNpZSBiZWkgZGVyIEtvbW11bmlrYXRpb24gbWl0IGRlbiBNaXRzcGllbGVybiB1bmQgYmVpIGRlbiB3ZXNlbnRsaWNoZW4gQWt0aW9uZW4gZGVzIFNwaWVscy4NCg0KTmFjaCBTcGllbGJlZ2lubiDDvGJlcmxlZ2VuIFNpZSBzaWNoIGluIElocmVyIEdydXBwZSBkaWUgYmVzdGUgU3RyYXRlZ2llIGbDvHIgSWhyZW4gU3BpZWxjaGFyYWt0ZXIuIFBsdXNwdW5rdGUga8O2bm5lbiBTaWUgbnVyIGJla29tbWVuLCB3ZW5uIFNpZSBtaXQgZWluZXIgYW5kZXJlbiBHcnVwcGUgZWluZSBLYXJ0ZSB0YXVzY2hlbiwgZGFzIGhlacOfdCBnZWdlbnNlaXRpZyBhdWZlaW5hbmRlciBhdXNzcGllbGVuLiBNaW51c3B1bmt0ZSBrw7ZubmVuIFNpZSBiZWtvbW1lbiwgd2VubiBlaW5lIGFuZGVyZSBHcnVwcGUgZWluZSBwYXNzZW5kZSBNaW51cy1LYXJ0ZSBhdWYgU2llIOKAnmxvc2zDpHNzdOKAnC4NCg0KSmVkZSBLYXJ0ZSBnZWjDtnJ0IGVpbmVtIGJlc3RpbW10ZW4gQ2hhcmFrdGVyIHVuZCBrYW5uIG51ciBhdWYgZWluZW4gYmVzdGltbXRlbiBhbmRlcmVuIENoYXJha3RlciBhdXNnZXNwaWVsdCB3ZXJkZW4uIFVtIGVpbmUgUGx1cy1LYXJ0ZSB6dSBzcGllbGVuLCB2ZXJ3ZW5kZW4gU2llIGRhcyB2b24gZGVyIFNwaWVsbGVpdHVuZyBhdXNnZXRlaWx0ZSBGb3JtdWxhci4gTnVyIHdlbm4gYmVpZGUgU2VpdGVuIGVpbiBhdWZlaW5hbmRlciBiZXpvZ2VuZXMgRm9ybXVsYXIgZWlucmVpY2hlbiwgd2lyZCBkZXIgVGF1c2NoIGVpbmdlbMO2c3QuIERpZSBNaXRzcGllbGVyZ3J1cHBlIGJla29tbXQgZGllIFBsdXNwdW5rdGUsIGRpZSBhdWYgSWhyZXIgS2FydGUgbm90aWVydCBzaW5kLCB1bmQgU2llIGJla29tbWVuIHVtZ2VrZWhydCBkaWUgUGx1c3B1bmt0ZSwgZGllIGF1ZiBpaHJlciBLYXJ0ZSBzdGVoZW4uIEFjaHR1bmc6IFdpZSB2aWVsZSBQdW5rdGUgU2llIGdlbmF1IGJla29tbWVuLCB3aXNzZW4gU2llIGVyc3QsIHdlbm4gZGVyIFRhdXNjaCB2b2xsem9nZW4gaXN0Lg0KDQpEaWUgU3BpZWxsZWl0dW5nIHNpY2hlcnQgYWIsIGRhc3MgZGVyIHZlcmVpbmJhcnRlIFRhdXNjaCBhdWNoIGVpbmdlaGFsdGVuIHdpcmQsIGvDvG1tZXJ0IHNpY2ggYWJlciBuaWNodCwgd2VubiBpbmhhbHRsaWNoZSBVbnN0aW1taWdrZWl0ZW4gYXVmdHJldGVuIG9kZXIgZWluZSBTZWl0ZSBuYWNodmVyaGFuZGVsbiB3aWxsLg0KDQpJbnNnZXNhbXQgZMO8cmZlbiBudXIgZsO8bmYgZGVyIHplaG4gS2FydGVuIGF1c2dlc3BpZWx0IHdlcmRlbi4gQWxzbyDDvGJlcmxlZ2VuIFNpZSBndXQsIG1pdCB3ZW0gU2llIGlucyBHZXNjaMOkZnQga29tbWVuIHdvbGxlbi4NCg0KRGllIEthcnRlbiBtaXQgZGVuIE1pbnVzcHVua3RlbiBrw7ZubmVuIMO8YnJpZ2VucyBqZWRlcnplaXQgZWluZmFjaCBzbyBhdWYgZGllIGFuZGVyZW4g4oCebG9zZ2VsYXNzZW7igJwgd2VyZGVuLiBFaW4gVGF1c2NoIGZpbmRldCBoaWVyIG5pY2h0IHN0YXR0LiBEZXIgYW5kZXJlIENoYXJha3RlciBiZWtvbW10IHNvZm9ydCBkaWUgTWludXNwdW5rdGUgdW5kIGthbm4gc2ljaCBkYWdlZ2VuIG5pY2h0IHdlaHJlbi4gRGFzIEF1c3NwaWVsZW4gcmVkdXppZXJ0IGFiZXIgSWhyZSBBbnphaGwgYW4gc3BpZWxiYXJlbiBLYXJ0ZW4gdW5kIGRhbWl0IElocmUgTcO2Z2xpY2hrZWl0ZW4sIHdlaXRlcmUgZ8O8bnN0aWdlIFRhdXNjaGFrdGlvbmVuIGR1cmNoenVmw7xocmVuLiBNYW4ga2FubiBuYXTDvHJsaWNoIGF1Y2ggbnVyIGRyb2hlbiBvZGVyIGJsdWZmZW4uDQoNClVtIG1pdCBkZW4gYW5kZXJlbiBHcnVwcGVuIHp1IGtvbW11bml6aWVyZW4sIG51dHplbiBTaWUgZGFzIE5hY2hyaWNodGVucG9ydGFsLiBEaWUgTmFjaHJpY2h0ZW4gd2VyZGVuIHZvbiBkZXIgU3BpZWxsZWl0dW5nIGF1c2dlZHJ1Y2t0IHVuZCB6dWdlc3RlbGx0LiBJbSBOYWNocmljaHRlbnBvcnRhbCBrw7ZubmVuIFNpZSBudXIgZGllIGVpZ2VuZW4gZ2VzZW5kZXRlbiBOYWNocmljaHRlbiBub2NoIGVpbm1hbCBuYWNobGVzZW4uIERpZSBlbXBmYW5nZW5lbiB1bmQgYWxsZSBmcmVtZGVuIE5hY2hyaWNodGVuIHNpbmQgZ2VzcGVycnQuDQoNCkF1c25haG1lOiBKZWRlciBDaGFyYWt0ZXIga2FubiBiaXMgenUgYWNodCBOYWNocmljaHRlbiB2b24gYW5kZXJlbiBHcnVwcGVuIGF1c3NwaW9uaWVyZW4uIEpld2VpbHMgZGllIGxldHp0ZSBOYWNocmljaHQsIGRpZSBlaW5lIEdydXBwZSBhbiBlaW5lIGFuZGVyZSBnZXNjaGlja3QgaGF0LCBrYW5uIGFiZ2VsYXVzY2h0IHdlcmRlbi4gQmVudXR6ZW4gU2llIGRhenUgZWluZmFjaCBkZW4gTGluayBpbSBOYWNocmljaHRlbnBvcnRhbC4gV2VubiBnZXJhZGUga2VpbmUgTmFjaHJpY2h0IHZlcmbDvGdiYXIgaXN0LCB2ZXJzdWNoZW4gU2llIGVzIGVpbmZhY2ggc3DDpHRlciBub2NoIGVpbm1hbC5xAS4=",
      "key": "introduction"
    }
  },
  {
    "pk": 5,
    "model": "database.constance",
    "fields": {
      "value": "gAJYDgAAAE5vcm1hbiBKw6Rja2VscQEu",
      "key": "name"
    }
  },
  {
    "pk": 6,
    "model": "database.constance",
    "fields": {
      "value": false,
      "key": "players_can_submit_messages"
    }
  },
  {
    "pk": 7,
    "model": "database.constance",
    "fields": {
      "value": 8,
      "key": "number_of_interceptions"
    }
  },
  {
    "pk": 1,
    "model": "player.player",
    "fields": {
      "playable_cards": 5,
      "score": 20,
      "character": "A-No-Ni-Mos",
      "user": 2,
      "description": "A-No-Ni-Mos ist eine häufig online und selten offline agierende Gruppe von Hackern: Sie sind jung, (hauptsächlich) männlich, unsportlich und bekommen oft zu wenig Tageslicht. Dafür sind sie über alles, was im Netz passiert, bestens informiert, kennen alle technischen Details und beschäftigen sich am liebsten mit den neusten Programmen und Entwicklungen, die das Netz so zu bieten hat. Frei nach dem Motto: „Ein Hacker ist jemand, der versucht einen Weg zu finden, wie man mit einer Kaffeemaschine Toast zubereiten kann“ (Wau Holland). Der ein oder andere von ihnen hat dabei auch schon etwas tiefer in fremde Rechner gesehen, als dem Inhaber lieb ist. Was soll's: Wenn ein cooles Feature des eigenen Projekts mal nicht gelingt, kann man ja immer noch den Router des Nachbarn oder den Server einer Bank cracken ..."
    }
  },
  {
    "pk": 2,
    "model": "player.player",
    "fields": {
      "playable_cards": 5,
      "score": 20,
      "character": "Dr. Franz Flichtig",
      "user": 3,
      "description": "Dr. Franz Flichtig ist der amtierende Innenminister der Bundesrepublik Deutschland. Er hat eine mühsame Parteikarriere hinter sich und ist noch lange nicht am Ziel seiner politischen Träume. Der (gewiss gutgemeinte) Polizeistaat ist ihm ein Herzensanliegen. Denn Law and Order-Politik hat sich schon immer gut verkauft. So möchte Franz am liebsten bestens über alles informiert sein. Mit dem Verfassungsschutz und dem BKA hat er einige willige und fähige Helfer zur Hand. Auch die Justiz frisst ihm aus der Hand. Wenn ihm da nicht immer die anderen Nachrichtendienste und die Bundesländer dazwischen funken würden ..."
    }
  },
  {
    "pk": 3,
    "model": "player.player",
    "fields": {
      "playable_cards": 5,
      "score": 20,
      "character": "Gaagol",
      "user": 4,
      "description": "Gaagol ist das weltweit größte IT-Unternehmen. Seine Gründer haben das Informationszeitalter eingeleitet und mit seinen vielfältigen Diensten, wie Suchmaschinen, E-Mail, Videoplattformen, Routenplaner und Online-Werbung beherrscht es den Alltag vieler Menschen. Aber die vielen Server und Mitarbeiter wollen gefüttert werden: Informationen sind das täglich Brot dieser Firma, Nutzerklicks ihr Lebenssaft, Netzprofile ihr Evangelium. Wenn da nur nicht diese Datenschützer wären ..."
    }
  },
  {
    "pk": 4,
    "model": "player.player",
    "fields": {
      "playable_cards": 5,
      "score": 20,
      "character": "NDB",
      "user": 5,
      "description": "Der NDB ist der deutsche Auslandsnachrichtendienst. Seine Fühler sind weit verteilt, sein Informantennetze dicht und seine finanziellen Mittel zur „Gestaltung“ wichtiger politischer Fragen in allen Ländern schier unerschöpflich. Wer hier arbeitet und was man hier so macht, weiß keiner. Immerhin geht es (vielleicht) ums Ganze: Freiheit, Demokratie und die Innovationskraft der heimischen Wirtschaft wollen verteidigt werden. Und da sind nicht nur Diktatoren und Rebellen in irgendwelchen weit entfernten Staaten zu betrachten. Die neue Gefahr droht aus dem Internet und wer da so alles unterwegs ist ...? Wenigstens machen die Provider keinen Ärger, wenn man ihnen nur mit den altbewährten Mittel kommt."
    }
  },
  {
    "pk": 5,
    "model": "player.player",
    "fields": {
      "playable_cards": 5,
      "score": 20,
      "character": "FOTO.de",
      "user": 6,
      "description": "FOTO.de ist das Internetportal des Verlags einer großen deutschen Tageszeitung. Hier erfährt der (zahlende) User alles, was in der Welt passiert. Politische Possen oder das Neuste aus dem Privatleben der Promis: Alles auf einen Klick, mit großen Bildern und Videos und manchmal auch etwas Text. Nur leider brechen die Werbeeinnahmen weg, der Nachrichtenhunger der Leute ist groß und die Konkurrenz schläft auch nicht. Dann muss man eben ab und zu den guten alten Skandaljournalismus aus dem Schrank holen. Und neuerdings gibt es ja im Internet so viel über die Leute zu finden ..."
    }
  },
  {
    "pk": 1,
    "model": "card.card",
    "fields": {
      "used": false,
      "target": 4,
      "description": "Text",
      "value": 3,
      "owner": 2,
      "name": "Reisedaten verdächtiger Personen übermitteln"
    }
  },
  {
    "pk": 2,
    "model": "card.card",
    "fields": {
      "used": false,
      "target": 4,
      "description": "Text",
      "value": 6,
      "owner": 2,
      "name": "Schärfere Sicherheitsgesetze mit neuen Befugnissen erlassen"
    }
  },
  {
    "pk": 3,
    "model": "card.card",
    "fields": {
      "used": false,
      "target": 3,
      "description": "",
      "value": 4,
      "owner": 2,
      "name": "Datenschutzbeauftragten abschaffen"
    }
  },
  {
    "pk": 4,
    "model": "card.card",
    "fields": {
      "used": false,
      "target": 3,
      "description": "",
      "value": 5,
      "owner": 2,
      "name": "Private massenhafte Melderegisterabfragen ermöglichen"
    }
  },
  {
    "pk": 5,
    "model": "card.card",
    "fields": {
      "used": false,
      "target": 1,
      "description": "",
      "value": 3,
      "owner": 2,
      "name": "Jobs in der IT-Abteilung des Ministeriums anbieten"
    }
  },
  {
    "pk": 6,
    "model": "card.card",
    "fields": {
      "used": false,
      "target": 1,
      "description": "",
      "value": 5,
      "owner": 2,
      "name": "Strafverfahren einstellen"
    }
  },
  {
    "pk": 7,
    "model": "card.card",
    "fields": {
      "used": false,
      "target": 5,
      "description": "",
      "value": 4,
      "owner": 2,
      "name": "NSU-Lostopf nach Wunsch manipulieren"
    }
  },
  {
    "pk": 8,
    "model": "card.card",
    "fields": {
      "used": false,
      "target": 5,
      "description": "",
      "value": 6,
      "owner": 2,
      "name": "Heiße Tipps zu geplanten Polizeizugriffen geben"
    }
  },
  {
    "pk": 9,
    "model": "card.card",
    "fields": {
      "used": false,
      "target": 2,
      "description": "",
      "value": 4,
      "owner": 4,
      "name": "Ausländische Terrorverdächtige melden"
    }
  },
  {
    "pk": 10,
    "model": "card.card",
    "fields": {
      "used": false,
      "target": 2,
      "description": "",
      "value": 6,
      "owner": 4,
      "name": "Doppelgänger für wichtige Politiker finden"
    }
  },
  {
    "pk": 11,
    "model": "card.card",
    "fields": {
      "used": false,
      "target": 3,
      "description": "",
      "value": 3,
      "owner": 4,
      "name": "Ausländische Regime zu liberaler Netzpolitik „beraten“"
    }
  },
  {
    "pk": 12,
    "model": "card.card",
    "fields": {
      "used": false,
      "target": 3,
      "description": "",
      "value": 6,
      "owner": 4,
      "name": "Geschäftsgeheimnisse der Konkurrenz ausspionieren und übermitteln"
    }
  },
  {
    "pk": 13,
    "model": "card.card",
    "fields": {
      "used": false,
      "target": 1,
      "description": "",
      "value": 4,
      "owner": 4,
      "name": "Kontakte zur Untergrundszene vermitteln"
    }
  },
  {
    "pk": 14,
    "model": "card.card",
    "fields": {
      "used": false,
      "target": 1,
      "description": "",
      "value": 5,
      "owner": 4,
      "name": "Neuste Kryptographietechnik ausprobieren lassen"
    }
  },
  {
    "pk": 15,
    "model": "card.card",
    "fields": {
      "used": false,
      "target": 5,
      "description": "",
      "value": 5,
      "owner": 4,
      "name": "Infos über den nächsten Putsch zuspielen"
    }
  },
  {
    "pk": 16,
    "model": "card.card",
    "fields": {
      "used": false,
      "target": 5,
      "description": "",
      "value": 3,
      "owner": 4,
      "name": "Exklusivinterview mit dem Präsidenten ermöglichen"
    }
  },
  {
    "pk": 17,
    "model": "card.card",
    "fields": {
      "used": false,
      "target": 2,
      "description": "",
      "value": 3,
      "owner": 3,
      "name": "Vorratsdaten abliefern"
    }
  },
  {
    "pk": 18,
    "model": "card.card",
    "fields": {
      "used": false,
      "target": 2,
      "description": "",
      "value": 5,
      "owner": 3,
      "name": "Ungepixelte StreetView-Daten übersenden"
    }
  },
  {
    "pk": 19,
    "model": "card.card",
    "fields": {
      "used": false,
      "target": 4,
      "description": "",
      "value": 6,
      "owner": 3,
      "name": "Zugriff auf Cloud Storages bestimmter Personen eröffnen"
    }
  },
  {
    "pk": 20,
    "model": "card.card",
    "fields": {
      "used": false,
      "target": 4,
      "description": "",
      "value": 4,
      "owner": 3,
      "name": "Gaagol-Maps im Ausland auf Wunsch gezielt manipulieren"
    }
  },
  {
    "pk": 21,
    "model": "card.card",
    "fields": {
      "used": false,
      "target": 1,
      "description": "",
      "value": 3,
      "owner": 3,
      "name": "Kostenlose Online-Entwicklerplattform einrichten"
    }
  },
  {
    "pk": 22,
    "model": "card.card",
    "fields": {
      "used": false,
      "target": 1,
      "description": "",
      "value": 6,
      "owner": 3,
      "name": "Großsponsoring des nächsten Hackertreffens"
    }
  },
  {
    "pk": 23,
    "model": "card.card",
    "fields": {
      "used": false,
      "target": 5,
      "description": "",
      "value": 4,
      "owner": 3,
      "name": "Werbedaten und Nutzerprofile übermitteln"
    }
  },
  {
    "pk": 24,
    "model": "card.card",
    "fields": {
      "used": false,
      "target": 5,
      "description": "",
      "value": 5,
      "owner": 3,
      "name": "Suchtreffer der Konkurrenz minimieren"
    }
  },
  {
    "pk": 25,
    "model": "card.card",
    "fields": {
      "used": false,
      "target": 2,
      "description": "",
      "value": 4,
      "owner": 1,
      "name": "Filesharer und Internetpiraten verraten"
    }
  },
  {
    "pk": 26,
    "model": "card.card",
    "fields": {
      "used": false,
      "target": 2,
      "description": "",
      "value": 5,
      "owner": 1,
      "name": "Börsendaten hacken und nach Wunsch manipulieren"
    }
  },
  {
    "pk": 27,
    "model": "card.card",
    "fields": {
      "used": false,
      "target": 4,
      "description": "",
      "value": 5,
      "owner": 1,
      "name": "Botnetzangriff auf ausländisches Regime nach Wunsch fahren"
    }
  },
  {
    "pk": 28,
    "model": "card.card",
    "fields": {
      "used": false,
      "target": 4,
      "description": "",
      "value": 3,
      "owner": 1,
      "name": "Interessierte als V-Leute und Hacker vermitteln"
    }
  },
  {
    "pk": 29,
    "model": "card.card",
    "fields": {
      "used": false,
      "target": 3,
      "description": "",
      "value": 4,
      "owner": 1,
      "name": "Dienste auf Herz und Nieren testen"
    }
  },
  {
    "pk": 30,
    "model": "card.card",
    "fields": {
      "used": false,
      "target": 3,
      "description": "",
      "value": 6,
      "owner": 1,
      "name": "Standardsuchmaschine in den Webbrowsern der Leute einstellen"
    }
  },
  {
    "pk": 31,
    "model": "card.card",
    "fields": {
      "used": false,
      "target": 5,
      "description": "",
      "value": 3,
      "owner": 1,
      "name": "Artikel lesen und kaufen"
    }
  },
  {
    "pk": 32,
    "model": "card.card",
    "fields": {
      "used": false,
      "target": 5,
      "description": "",
      "value": 6,
      "owner": 1,
      "name": "Exklusivinformationen über den neusten Datenskandal mitteilen"
    }
  },
  {
    "pk": 33,
    "model": "card.card",
    "fields": {
      "used": false,
      "target": 2,
      "description": "",
      "value": 3,
      "owner": 5,
      "name": "Wahlwerbung auf der Startseite platzieren"
    }
  },
  {
    "pk": 34,
    "model": "card.card",
    "fields": {
      "used": false,
      "target": 2,
      "description": "",
      "value": 6,
      "owner": 5,
      "name": "Kampagne für schärfere Sicherheitsgesetze fahren"
    }
  },
  {
    "pk": 35,
    "model": "card.card",
    "fields": {
      "used": false,
      "target": 4,
      "description": "",
      "value": 4,
      "owner": 5,
      "name": "Gezielte Berichterstattung über ausländische Regime nach Wunsch"
    }
  },
  {
    "pk": 36,
    "model": "card.card",
    "fields": {
      "used": false,
      "target": 4,
      "description": "",
      "value": 5,
      "owner": 5,
      "name": "Informanten- und Korrespondentennetzwerk nutzen lassen"
    }
  },
  {
    "pk": 37,
    "model": "card.card",
    "fields": {
      "used": false,
      "target": 3,
      "description": "",
      "value": 5,
      "owner": 5,
      "name": "Nutzungsrechte an eigenen Beiträgen einräumen"
    }
  },
  {
    "pk": 38,
    "model": "card.card",
    "fields": {
      "used": false,
      "target": 3,
      "description": "",
      "value": 3,
      "owner": 5,
      "name": "Gezielte Links setzen"
    }
  },
  {
    "pk": 39,
    "model": "card.card",
    "fields": {
      "used": false,
      "target": 1,
      "description": "",
      "value": 6,
      "owner": 5,
      "name": "Über die neusten Projekte intensiv und wohlwollend berichten"
    }
  },
  {
    "pk": 40,
    "model": "card.card",
    "fields": {
      "used": false,
      "target": 1,
      "description": "",
      "value": 4,
      "owner": 5,
      "name": "Hackerwettbewerb ausschreiben"
    }
  },
  {
    "pk": 41,
    "model": "card.card",
    "fields": {
      "used": false,
      "target": 3,
      "description": "",
      "value": -8,
      "owner": 2,
      "name": "Urheberrecht verschärfen"
    }
  },
  {
    "pk": 42,
    "model": "card.card",
    "fields": {
      "used": false,
      "target": 1,
      "description": "",
      "value": -8,
      "owner": 2,
      "name": "V-Leute einschleusen, Gruppen zersetzen"
    }
  },
  {
    "pk": 43,
    "model": "card.card",
    "fields": {
      "used": false,
      "target": 2,
      "description": "",
      "value": -8,
      "owner": 4,
      "name": "Eigeninitiative im Inneren starten"
    }
  },
  {
    "pk": 44,
    "model": "card.card",
    "fields": {
      "used": false,
      "target": 3,
      "description": "",
      "value": -8,
      "owner": 4,
      "name": "Zensur in China verschärfen lassen"
    }
  },
  {
    "pk": 45,
    "model": "card.card",
    "fields": {
      "used": false,
      "target": 1,
      "description": "",
      "value": -8,
      "owner": 3,
      "name": "Hackerfreunde abwerben"
    }
  },
  {
    "pk": 46,
    "model": "card.card",
    "fields": {
      "used": false,
      "target": 5,
      "description": "",
      "value": -8,
      "owner": 3,
      "name": "Beiträge und Bilder aus der Suche nehmen"
    }
  },
  {
    "pk": 47,
    "model": "card.card",
    "fields": {
      "used": false,
      "target": 5,
      "description": "",
      "value": -8,
      "owner": 1,
      "name": "DoS-Angriff auf das Portal fahren"
    }
  },
  {
    "pk": 48,
    "model": "card.card",
    "fields": {
      "used": false,
      "target": 4,
      "description": "",
      "value": -8,
      "owner": 1,
      "name": "Eigene Informanten und Spione enttarnen, Dokumente leaken"
    }
  },
  {
    "pk": 49,
    "model": "card.card",
    "fields": {
      "used": false,
      "target": 4,
      "description": "",
      "value": -8,
      "owner": 5,
      "name": "Sich mit Edward Snowden treffen"
    }
  },
  {
    "pk": 50,
    "model": "card.card",
    "fields": {
      "used": false,
      "target": 2,
      "description": "",
      "value": -8,
      "owner": 5,
      "name": "Privates Liebesverhältnis (er-)finden"
    }
  }
]
