[
  {
    "pk": 1,
    "model": "auth.user",
    "fields": {
      "username": "admin",
      "first_name": "",
      "last_name": "",
      "is_active": true,
      "is_superuser": true,
      "is_staff": true,
      "last_login": "2014-07-03T11:04:22Z",
      "groups": {},
      "user_permissions": {},
      "password": "pbkdf2_sha256$10000$Z81a2T6sUhIv$u+xTuobpRmPL3LIdEDxlK25uh6wRyKX1JlFVUZpyzv0=",
      "email": "",
      "date_joined": "2014-07-03T11:04:22Z"
    }
  },
  {
    "pk": 2,
    "model": "auth.user",
    "fields": {
      "username": "maximilian",
      "first_name": "",
      "last_name": "",
      "is_active": true,
      "is_superuser": false,
      "is_staff": false,
      "last_login": "2014-07-03T11:04:22Z",
      "groups": {},
      "user_permissions": {},
      "password": "pbkdf2_sha256$10000$7ow1JXI9y8j6$NSi5DfFMN5c34RwfED2xVkjPGoxrn6OibZqohtlJ8GM=",
      "email": "",
      "date_joined": "2014-07-03T11:04:22Z"
    }
  },
  {
    "pk": 3,
    "model": "auth.user",
    "fields": {
      "username": "horst",
      "first_name": "",
      "last_name": "",
      "is_active": true,
      "is_superuser": false,
      "is_staff": false,
      "last_login": "2014-07-03T11:04:22Z",
      "groups": {},
      "user_permissions": {},
      "password": "pbkdf2_sha256$10000$nAGsh6SI6JHI$TDxuM/R4yiXIUyHktze5Rgr6jPYQYjjoTobqTQVmTF8=",
      "email": "",
      "date_joined": "2014-07-03T11:04:22Z"
    }
  },
  {
    "pk": 4,
    "model": "auth.user",
    "fields": {
      "username": "lux",
      "first_name": "",
      "last_name": "",
      "is_active": true,
      "is_superuser": false,
      "is_staff": false,
      "last_login": "2014-07-03T11:04:22Z",
      "groups": {},
      "user_permissions": {},
      "password": "pbkdf2_sha256$10000$CQ5CbTxyANE4$TccfwyasGeVnNSO2+iFIurfwCkDC6HJfz7thczVq2Dk=",
      "email": "",
      "date_joined": "2014-07-03T11:04:22Z"
    }
  },
  {
    "pk": 5,
    "model": "auth.user",
    "fields": {
      "username": "torben",
      "first_name": "",
      "last_name": "",
      "is_active": true,
      "is_superuser": false,
      "is_staff": false,
      "last_login": "2014-07-03T11:04:22Z",
      "groups": {},
      "user_permissions": {},
      "password": "pbkdf2_sha256$10000$rk17w5v26MtZ$Bxm26ecgxVySxwtjnmMXl26J0Cw4AoQb/Hu2jeLjTsM=",
      "email": "",
      "date_joined": "2014-07-03T11:04:22Z"
    }
  },
  {
    "pk": 6,
    "model": "auth.user",
    "fields": {
      "username": "thomas",
      "first_name": "",
      "last_name": "",
      "is_active": true,
      "is_superuser": false,
      "is_staff": false,
      "last_login": "2014-07-03T11:04:22Z",
      "groups": {},
      "user_permissions": {},
      "password": "pbkdf2_sha256$10000$qTlW3lefIzpL$wUDYlrkDjGYzQwFbKi0zWKNx5iCc6f6lDvqQgO7W5tQ=",
      "email": "",
      "date_joined": "2014-07-03T11:04:22Z"
    }
  },
  {
    "pk": 1,
    "model": "database.constance",
    "fields": {
      "value": "gAJYHQAAAEplZGVyIGlzdCBzZWluZXMgR2zDvGNrZXMgLi4ucQEu",
      "key": "title"
    }
  },
  {
    "pk": 2,
    "model": "database.constance",
    "fields": {
      "value": "gAJYJAAAAEVpbiBXLUxBTi1QbGFuc3BpZWwgenVtIFRoZW1hIEdsw7xja3EBLg==",
      "key": "subtitle"
    }
  },
  {
    "pk": 3,
    "model": "database.constance",
    "fields": {
      "value": "gAJYHgAAAFdpbGxrb21tZW4genVtIFctTEFOLVBsYW5zcGllbHEBLg==",
      "key": "headline"
    }
  },
  {
    "pk": 4,
    "model": "database.constance",
    "fields": {
      "value": "gAJYMwoAAEplZGVyIGlzdCBzZWluZXMgR2zDvGNrZXMgU2NobWllZD8gU28gZWluZmFjaCBpc3QgZXMgbmljaHQsIGRlbm4gaGllciBrYW5uIG1hbiBzaWNoIG51ciBnZWdlbnNlaXRpZyBnbMO8Y2tsaWNoIG1hY2hlbi4gRG9jaCB3ZXIgd2lyZCBkYWJlaSBhbSBFbmRlIGFtIGdsw7xja2xpY2hzdGVuIHNlaW4/DQoNCkRhcyBaaWVsIGRlcyBTcGllbHMgaXN0IGVzLCBtw7ZnbGljaHN0IHZpZWxlIEdsw7xja3MtUHVua3RlIHp1IGVycmVpY2hlbi4gQWxsZSBTcGllbGVyIHN0YXJ0ZW4gYmVyZWl0cyBtaXQgMjAgUHVua3Rlbi4gV2VyIGFtIEVuZGUgZGllIG1laXN0ZW4gUHVua3RlIGhhdCwgZ2V3aW5udC4gRGFzIFNwaWVsIGRhdWVydCBldHdhIDc1IE1pbnV0ZW4uDQoNCkplZGUgR3J1cHBlIHNwaWVsdCBlaW5lbiBTcGllbGNoYXJha3Rlci4gV8OkaHJlbmQgZGVzIFNwaWVscyBibGVpYmVuIGRpZSBHcnVwcGVuIHVudGVyIHNpY2guIERhcyBXZWJpbnRlcmZhY2UgdW50ZXJzdMO8dHp0IGV1Y2ggYmVpIGRlciBLb21tdW5pa2F0aW9uIG1pdCBkZW4gYW5kZXJlbiBHcnVwcGVuIHVuZCBiZWkgZGVuIHdlc2VudGxpY2hlbiBBa3Rpb25lbiBkZXMgU3BpZWxzLiBOYWNoIFNwaWVsYmVnaW5uIMO8YmVybGVndCBldWNoIGluIGV1cmVyIEdydXBwZSBkaWUgYmVzdGUgU3RyYXRlZ2llIGbDvHIgZXVyZW4gU3BpZWxjaGFyYWt0ZXIuDQoNClBsdXNwdW5rdGUga8O2bm50IGlociBudXIgYmVrb21tZW4sIHdlbm4gaWhyIG1pdCBlaW5lciBhbmRlcmVuIEdydXBwZSBlaW5lIEthcnRlIHRhdXNjaHQsIGRhcyBoZWnDn3QgZ2VnZW5zZWl0aWcgYXVmZWluYW5kZXIgYXVzc3BpZWx0LiBNaW51c3B1bmt0ZSBrw7ZubnQgaWhyIGJla29tbWVuLCB3ZW5uIGVpbmUgYW5kZXJlIEdydXBwZSBlaW5lIHBhc3NlbmRlIE1pbnVzLUthcnRlIGF1ZiBldWNoIOKAnmxvc2zDpHNzdOKAnC4NCg0KSmVkZSBLYXJ0ZSBnZWjDtnJ0IGVpbmVtIGJlc3RpbW10ZW4gQ2hhcmFrdGVyIHVuZCBrYW5uIG51ciBhdWYgZWluZW4gYmVzdGltbXRlbiBhbmRlcmVuIENoYXJha3RlciBhdXNnZXNwaWVsdCB3ZXJkZW4uIFVtIGVpbmUgUGx1cy1LYXJ0ZSB6dSBzcGllbGVuLCB2ZXJ3ZW5kZXQgZGFzIHZvbiBkZXIgU3BpZWxsZWl0dW5nIGF1c2dldGVpbHRlIEZvcm11bGFyLiBOdXIgd2VubiBiZWlkZSBTZWl0ZW4gZWluIGF1ZmVpbmFuZGVyIGJlem9nZW5lcyBGb3JtdWxhciBlaW5yZWljaGVuLCB3ZXJkZW4gZGllIEthcnRlbiDDvGJlcmdlYmVuIHVuZCBkZXIgVGF1c2NoIGVpbmdlbMO2c3QuIERpZSBNaXRzcGllbGVyZ3J1cHBlIGJla29tbXQgZGllIFBsdXNwdW5rdGUsIGRpZSBhdWYgZXVyZXIgS2FydGUgbm90aWVydCBzaW5kLCB1bmQgaWhyIGJla29tbWVuIHVtZ2VrZWhydCBkaWUgUGx1c3B1bmt0ZSwgZGllIGF1ZiBpaHJlciBLYXJ0ZSBzdGVoZW4uIEFjaHR1bmc6IFdpZSB2aWVsZSBQdW5rdGUgaWhyIGdlbmF1IGJla29tbXQsIHdpc3N0IGlociBlcnN0LCB3ZW5uIGRlciBUYXVzY2ggdm9sbHpvZ2VuIGlzdC4gRGllIFNwaWVsbGVpdHVuZyBzaWNoZXJ0IGFiLCBkYXNzIGRlciB2ZXJlaW5iYXJ0ZSBUYXVzY2ggcmVnZWxnZXJlY2h0IGR1cmNoZ2Vmw7xocnQgd2lyZC4NCg0KSW5zZ2VzYW10IGTDvHJmZW4gbnVyIGbDvG5mIGRlciB6ZWhuIEthcnRlbiBhdXNnZXNwaWVsdCB3ZXJkZW4uIEFsc28gw7xiZXJsZWd0IGd1dCwgbWl0IHdlbSBpaHIgaW5zIEdlc2Now6RmdCBrb21tZW4gd29sbHQuDQoNCkRpZSBLYXJ0ZW4gbWl0IGRlbiBNaW51c3B1bmt0ZW4ga8O2bm5lbiBqZWRlcnplaXQgZWluZmFjaCBzbyBhdWYgZGllIGFuZGVyZW4g4oCebG9zZ2VsYXNzZW7igJwgd2VyZGVuLiBFaW4gVGF1c2NoIGZpbmRldCBoaWVyIG5pY2h0IHN0YXR0LiBEZXIgYW5kZXJlIENoYXJha3RlciBiZWtvbW10IHNvZm9ydCBkaWUgTWludXNwdW5rdGUgdW5kIGthbm4gc2ljaCBkYWdlZ2VuIG5pY2h0IHdlaHJlbi4gRGFzIEF1c3NwaWVsZW4gcmVkdXppZXJ0IGFiZXIgZXVyZSBBbnphaGwgYW4gc3BpZWxiYXJlbiBLYXJ0ZW4gdW5kIGRhbWl0IGV1cmUgTcO2Z2xpY2hrZWl0ZW4sIHdlaXRlcmUgZ8O8bnN0aWdlIFRhdXNjaGFrdGlvbmVuIGR1cmNoenVmw7xocmVuLiBNYW4ga2FubiBuYXTDvHJsaWNoIGF1Y2ggbnVyIGRyb2hlbiBvZGVyIGJsdWZmZW4uDQoNClVtIG1pdCBkZW4gYW5kZXJlbiBHcnVwcGVuIHp1IGtvbW11bml6aWVyZW4sIG51dHp0IGRhcyBOYWNocmljaHRlbnBvcnRhbCwgZGFzIGV0d2EgZsO8bmYgTWludXRlbiBuYWNoIFNwaWVsYmVnaW5uIGZyZWlnZXNjaGFsdGV0IHdpcmQuIChEcsO8Y2t0IEY1LCB1bSBkaWUgQnJvd3NlcnNlaXRlIHp1IGFrdHVhbGlzaWVyZW4uKSBEaWUgTmFjaHJpY2h0ZW4gd2VyZGVuIHZvbiBkZXIgU3BpZWxsZWl0dW5nIGF1c2dlZHJ1Y2t0IHVuZCB6dWdlc3RlbGx0LiBJbSBOYWNocmljaHRlbnBvcnRhbCBrw7ZubnQgSWhyIG51ciBkaWUgZWlnZW5lbiBnZXNlbmRldGVuIE5hY2hyaWNodGVuIG5vY2ggZWlubWFsIG5hY2hsZXNlbi4gRGllIGVtcGZhbmdlbmVuIHVuZCBhbGxlIGZyZW1kZW4gTmFjaHJpY2h0ZW4gc2luZCBnZXNwZXJydC4NCg0KVmllbCBTcGHDnyBiZWltIFNwaWVsIHVuZCB2aWVsIEdsw7xjayFxAS4=",
      "key": "introduction"
    }
  },
  {
    "pk": 5,
    "model": "database.constance",
    "fields": {
      "value": 2014,
      "key": "year"
    }
  },
  {
    "pk": 6,
    "model": "database.constance",
    "fields": {
      "value": "gAJYIwAAAEZyaWVkcmljaCBQb3JzY2ggdW5kIE5vcm1hbiBKw6Rja2VscQEu",
      "key": "name"
    }
  },
  {
    "pk": 7,
    "model": "database.constance",
    "fields": {
      "value": false,
      "key": "hide_header_image"
    }
  },
  {
    "pk": 8,
    "model": "database.constance",
    "fields": {
      "value": 0,
      "key": "number_of_interceptions"
    }
  },
  {
    "pk": 9,
    "model": "database.constance",
    "fields": {
      "value": "gAJYBwAAAGRlZmF1bHRxAS4=",
      "key": "psk"
    }
  },
  {
    "pk": 10,
    "model": "database.constance",
    "fields": {
      "value": "gAJYEgAAAFdMQU5TaW11bGF0aW9uR2FtZXEBLg==",
      "key": "ssid"
    }
  },
  {
    "pk": 11,
    "model": "database.constance",
    "fields": {
      "value": false,
      "key": "players_can_submit_messages"
    }
  },
  {
    "pk": 12,
    "model": "database.constance",
    "fields": {
      "value": 20,
      "key": "start_score"
    }
  },
  {
    "pk": 13,
    "model": "database.constance",
    "fields": {
      "value": "gAJYGAAAAGh0dHA6Ly8xOTIuMTY4LjAuMTo4MDAwL3EBLg==",
      "key": "url"
    }
  },
  {
    "pk": 14,
    "model": "database.constance",
    "fields": {
      "value": 5,
      "key": "playable_cards"
    }
  },
  {
    "pk": 1,
    "model": "player.player",
    "fields": {
      "character": "Maximilian Argentingen",
      "user": 2,
      "description": "Maximilian ist erfolgreicher Großbankier. Andere mögen im Rampenlicht stehen, doch er sitzt tatsächlich am Steuer. Maximilian sieht sein finanzielles Polster gerne wachsen. Er liebt den wirtschaftlichen Erfolg. Er ist aber auch gerne spendabel. Insgeheim liebt er die Macht, die von seinem Kapital rührt und die sich offenbart, wenn andere ihn um Geld bitten. Glück lässt sich zählen, sei es in harten Münzen oder wabbligen Geldscheinen. Für Sentimentalität hat Maximilian nichts übrig. Alles Glück hängt letztendlich am lieben Geld. Maximilian weiß darum und weiß dies zu nutzen."
    }
  },
  {
    "pk": 2,
    "model": "player.player",
    "fields": {
      "character": "Horst Müller",
      "user": 3,
      "description": "Horst ist ein bescheidener Bürger. An sich ganz normal, vielleicht etwas zu normal. Seine sind Ansichten manchmal etwas spießig. Aber Horst sucht nur das bescheidene Glück: Ein trautes Heim, die Familie, vielleicht das ein oder andere Symbol eines erfolgreichen Lebens und der Anerkennung in der Gesellschaft. Risiko ist dabei nicht Horsts Sache. Vielmehr sucht er die Sicherheit in den eigenen vier Wänden. Seine Ziele scheinen einfach, doch muss Horst stark sein, um den Gefahren zu trotzen, die unerwartet in seine Welt einzubrechen drohen."
    }
  },
  {
    "pk": 3,
    "model": "player.player",
    "fields": {
      "character": "Lux The Hammer",
      "user": 4,
      "description": "Popstar, Superstar, Lux The Hammer. Die Massen lieben ihn. Er hat es geschafft und ist im Musik-Business groß rausgekommen. Wenn Lux auf der Bühne erscheint, sind diese Bretter der Himmel für ihn. Anerkennung ist es, was Lux Glück beschert. Letztlich lebt er allein für die Momente, wenn er auf der Bühne steht und die Massen ihn feiern … und für diverse Vorzüge, die das so mit sich bringt. Die Zuneigung der Frauenwelt weiß er sehr gut zu nutzen, um sich die langen Zeiten zwischen den Auftritten zu versüßen. Anerkennung nimmt er gerne in jeglicher Form entgegen."
    }
  },
  {
    "pk": 4,
    "model": "player.player",
    "fields": {
      "character": "Torben-Hendrik Cannabia",
      "user": 5,
      "description": "Torben-Hendrik ist in der Welt rumgekommen, hat viel gesehen und zahlreiche Erfahrungen gesammelt. Torben-Hendrik kennt die Welt. Von seinen Eltern hat er die Liebe zu seiner Umwelt geerbt und auch die Liebe zu bestimmten Pflanzenbestandteilen. Auch seine Reisen stehen ganz unter dem Vorsatz des ökologischen  Lebens. Torben-Hendrik will die Welt in vollen Zügen genießen. Er fühlt sich dabei nicht an Land oder Gesetz gebunden. An der Welt als Ganzes liegt ihm aber sehr viel. Er fühlt die Dringlichkeit für sie zu kämpfen und sie vor Zerstörungswut zu schützen. Sein Glück ist mit dem Schutz der Welt verbunden, die er so gerne auskostet."
    }
  },
  {
    "pk": 5,
    "model": "player.player",
    "fields": {
      "character": "Thomas von Schlengelthal",
      "user": 6,
      "description": "Thomas ist selbstbewusst und machtbewusst. Er steht mitten im Leben  und hat es in der Politik zu etwas gebracht. Und Thomas weiß seine Möglichkeiten zu nutzen. Mit seinem Einfluss bestimmt er über Wohl und Wehe aller. Er liebt diese Macht, er liebt den öffentlichen Auftritt, er liebt sich in seiner Popularität. Glück findet er im politischen Erfolg und in der öffentlichen und persönlichen Anerkennung. Bei all den Anforderungen, die diese Ziele an Körper und Seele stellen, gilt es dabei, sich diesem Druck gewachsen zu zeigen."
    }
  },
  {
    "pk": 1,
    "model": "card.card",
    "fields": {
      "used": false,
      "target": 5,
      "description": "Sympathiebekundungen sind schnell gesprochen und ringen dem Politiker höchstens ein müdes Lächeln ab. Dein echtes hartes Geld ist es, das dafür sorgt, dass der Laden läuft.",
      "value": 4,
      "owner": 1,
      "name": "Parteispende"
    }
  },
  {
    "pk": 2,
    "model": "card.card",
    "fields": {
      "used": false,
      "target": 5,
      "description": "Ein Herz für gealterte oder gescheiterte Politiker: Mit diesem Versorgungsposten rettest du einen verarmten Politiker und schaffst gewisse persönliche Sicherheiten.",
      "value": 6,
      "owner": 1,
      "name": "Aufsichtsratsposten"
    }
  },
  {
    "pk": 3,
    "model": "card.card",
    "fields": {
      "used": false,
      "target": 3,
      "description": "Musikalität macht einen Sänger noch lange nicht berühmt, schließlich ist der Musikmarkt kein Ponyhof. Du hast das nötige Kleingeld für den großen Durchbruch.",
      "value": 4,
      "owner": 1,
      "name": "Plattenvertrag"
    }
  },
  {
    "pk": 4,
    "model": "card.card",
    "fields": {
      "used": false,
      "target": 1,
      "description": "Mit deiner Steuerreform wird nun alles besser, gerechter und einfacher! Es findet sich sogar ein einzelner Gast mit diversen Geschenken ein, der erkannt hat, dass er dir Dank schuldet: Der Banker.",
      "value": 3,
      "owner": 5,
      "name": "Steuersenkung"
    }
  },
  {
    "pk": 5,
    "model": "card.card",
    "fields": {
      "used": false,
      "target": 3,
      "description": "Muse, eine Muse will der Sänger? Na ja, als alter Hase im Business bist du dir für nichts zu schade. Mit den richtigen Fotos von dir verschaffst du ihm neue Inspiration.",
      "value": 5,
      "owner": 1,
      "name": "Aktfotos"
    }
  },
  {
    "pk": 6,
    "model": "card.card",
    "fields": {
      "used": false,
      "target": 1,
      "description": "Risiken sind doch eine Unzumutbarkeit für ehrbare Geschäftsmänner wie den Banker. Du nimmst ihm mit ein paar Bürgschaften solidarisch im Namen der Bürger alle Sorgen.",
      "value": 6,
      "owner": 5,
      "name": "Staatliche Bürgschaften"
    }
  },
  {
    "pk": 7,
    "model": "card.card",
    "fields": {
      "used": false,
      "target": 2,
      "description": "Schaffe, schaffe Häusle baue … nur ohne deine Finanzspritze würde es für den Spießbürger wohl nichts mit dem Eigenheim.",
      "value": 6,
      "owner": 1,
      "name": "Hauskredit bewilligen"
    }
  },
  {
    "pk": 8,
    "model": "card.card",
    "fields": {
      "used": false,
      "target": 2,
      "description": "Du ehrst den Spießbürger mit deiner erlauchten Anwesenheit beim heimischen Kaffeetrinken. Dein massiver Kaffeekonsum scheint ihn nur umso glücklicher zu machen.",
      "value": 5,
      "owner": 5,
      "name": "Einladung zum Kaffeetrinken"
    }
  },
  {
    "pk": 9,
    "model": "card.card",
    "fields": {
      "used": false,
      "target": 2,
      "description": "Mit der Abzocke im Straßenverkehr soll Schluss sein. Hier geht es um die Freiheit der Bürger! Du versprichst dem Spießbürger, dass mit dir die Pkw-Maut nicht zu machen ist.",
      "value": 4,
      "owner": 5,
      "name": "Klares Nein zur Pkw-Maut"
    }
  },
  {
    "pk": 10,
    "model": "card.card",
    "fields": {
      "used": false,
      "target": 2,
      "description": "Mit dieser Investition machst du die Kinder des Spießbürgers fit für die Zukunft und den Spießbürger zu einem stolzen Vater.",
      "value": 3,
      "owner": 1,
      "name": "Sparschweine schenken"
    }
  },
  {
    "pk": 11,
    "model": "card.card",
    "fields": {
      "used": false,
      "target": 3,
      "description": "Medizinische Verwendung, wirtschaftliche Vorteile, Transzendenzerfahrungen, der eigene Konsum … alles spricht für die Legalisierung. Außerdem holst du den Sänger aus seiner rechtlichen Grauzone und machst ihn sehr, sehr, sehr, sehr, sehr glücklich.",
      "value": 5,
      "owner": 5,
      "name": "Legalisierung von Drogen"
    }
  },
  {
    "pk": 12,
    "model": "card.card",
    "fields": {
      "used": false,
      "target": 4,
      "description": "Ein wenig Taschengeld von deinen wohlverdienten Konten und schon reist der Öko-Tramper durch die ganze Welt.",
      "value": 5,
      "owner": 1,
      "name": "Weltreise-Sponsoring"
    }
  },
  {
    "pk": 13,
    "model": "card.card",
    "fields": {
      "used": false,
      "target": 3,
      "description": "Du hast bereits vor langer Zeit die Nacht deiner Karriere geopfert. Du weißt: Drei Stunden Schlaf in einer Nachtruhe von 2 bis 5 Uhr reichen vollkommen. Vergnügt plant der Sänger bereits seine nächsten Konzerte mit Überlänge.",
      "value": 3,
      "owner": 5,
      "name": "Eindämmung der Nachtruhe"
    }
  },
  {
    "pk": 14,
    "model": "card.card",
    "fields": {
      "used": false,
      "target": 4,
      "description": "Du rettest den Regenwald und das ökologische Gewissen deiner Kunden. Da jauchzt das Herz des Öko-Trampers.",
      "value": 3,
      "owner": 1,
      "name": "Kontoauszüge auf Recyclepapier"
    }
  },
  {
    "pk": 15,
    "model": "card.card",
    "fields": {
      "used": false,
      "target": 4,
      "description": "Gestank, Lärm und ständige Gefahren im Straßenverkehr ... der Wahnsinn soll ein Ende haben. Du gibst dem Drängen des Öko-Trampers nach und versprichst, die Pkw-Maut einzuführen.",
      "value": 4,
      "owner": 5,
      "name": "Klares Ja zur Pkw-Maut"
    }
  },
  {
    "pk": 16,
    "model": "card.card",
    "fields": {
      "used": false,
      "target": 2,
      "description": "Du packst den Spießbürger da, wo es am meisten weh tut. Gartenzwerge, akurat geschnittene Hecken, ein kleines Stück Heimat für die Familie … alles futsch!",
      "value": -8,
      "owner": 1,
      "name": "Hauspfändung"
    }
  },
  {
    "pk": 17,
    "model": "card.card",
    "fields": {
      "used": false,
      "target": 4,
      "description": "Hahn zu für den Öko-Tramper! Soll dieser Sozialschmarotzer sich doch eine anständige Arbeit suchen. Mit sorgenlosem Abheben im Ausland ist nun auf jeden Fall Schluss.",
      "value": -8,
      "owner": 1,
      "name": "Kreditkartensperre"
    }
  },
  {
    "pk": 18,
    "model": "card.card",
    "fields": {
      "used": false,
      "target": 4,
      "description": "In Ermangelung von Zivis führst du das Pflicht-Ökologische-Jahr, kurz PÖJ, ein. Der Ökotramper ist begeistert und stellt gleich einen PÖJler ein, der ihm den Pastinakengarten pflegt, während er selbst durch die Welt reist.",
      "value": 6,
      "owner": 5,
      "name": "Pflicht-Ökologisches-Jahr (PÖJ) einführen"
    }
  },
  {
    "pk": 19,
    "model": "card.card",
    "fields": {
      "used": false,
      "target": 1,
      "description": "Ein effektives Mittel ohne Nebenwirkungen gegen Spekulanten. Warum ist da vor dir noch keiner drauf gekommen? Ach ja, der Banker hatte immer was dagegen.",
      "value": -8,
      "owner": 5,
      "name": "Finanztransaktionssteuer"
    }
  },
  {
    "pk": 20,
    "model": "card.card",
    "fields": {
      "used": false,
      "target": 1,
      "description": "Dein Konto verschafft Sicherheit und eröffnet dem Banker finanzielle Spielräume. Was braucht ein Banker mehr, um glücklich zu sein?",
      "value": 4,
      "owner": 2,
      "name": "Girokontoeröffnung"
    }
  },
  {
    "pk": 21,
    "model": "card.card",
    "fields": {
      "used": false,
      "target": 3,
      "description": "Du greifst hart durch und nimmst das ganze Drogennetzwerk hoch. Der Sänger sitzt damit auf dem Trockenen, apatisch und zerstört. Nun offenbart sich, was für ein körperliches und seelisches Wrack er ist!",
      "value": -8,
      "owner": 5,
      "name": "Drogenrazzia"
    }
  },
  {
    "pk": 22,
    "model": "card.card",
    "fields": {
      "used": false,
      "target": 1,
      "description": "Keine Frage, deine Riesterrente lohnt sich, vor allem für den Banker. Die Altersvorsorge des Bankers ist gesichert!",
      "value": 6,
      "owner": 2,
      "name": "Riesterrentenvertrag abschließen"
    }
  },
  {
    "pk": 23,
    "model": "card.card",
    "fields": {
      "used": false,
      "target": 3,
      "description": "Ruhm und Reichtum winken dem Sänger, wenn er nur genügend CDs verkauft. Mit diesem Kauf trägst du deinen Teil zu seinem Erfolg bei.",
      "value": 3,
      "owner": 2,
      "name": "CD-Kauf"
    }
  },
  {
    "pk": 24,
    "model": "card.card",
    "fields": {
      "used": false,
      "target": 3,
      "description": "Du führst deine älteste Tochter dem Sänger und seiner Musik zu. Sie wird ein überzeugter Groupie und ist zu allem bereit.",
      "value": 6,
      "owner": 2,
      "name": "18-jährige Tochter zuführen"
    }
  },
  {
    "pk": 25,
    "model": "card.card",
    "fields": {
      "used": false,
      "target": 4,
      "description": "Du schenkst dem Öko-Tramper Biosaatkartoffeln. Und da Trampen ein sehr zeitaufwendiges Unterfangen ist, baust du sie auch gleich für ihn an. Ein Geschenk nach seinem Geschmack.",
      "value": 5,
      "owner": 2,
      "name": "Biosaatkartoffeln"
    }
  },
  {
    "pk": 26,
    "model": "card.card",
    "fields": {
      "used": false,
      "target": 1,
      "description": "Das Wühlen im Sumpf des Waffenhandels ist dir zuwider. Du rauchst kurzerhand alle wichtigen gesammelten Beweisdokumente gegen den Banker vor dessen beglückten Augen.",
      "value": 5,
      "owner": 4,
      "name": "Beweise für Waffengeschäfte wegrauchen"
    }
  },
  {
    "pk": 27,
    "model": "card.card",
    "fields": {
      "used": false,
      "target": 1,
      "description": "Mit deinen zahlreichen internationalen Informanten deckst du die dunklen Waffengeschäfte der Konkurrenz des Bankers auf. Der Banker freut sich über die Konkurrenzlosigkeit im eigenen Geschäft.",
      "value": 4,
      "owner": 4,
      "name": "Waffengeschäfte der Konkurrenz aufdecken"
    }
  },
  {
    "pk": 28,
    "model": "card.card",
    "fields": {
      "used": false,
      "target": 4,
      "description": "Du krempelst deine Lebensmaximen um: Dein Haus, deine Frau, dein geborgtes Auto! Du erntest ein paar skeptische Blicke, aber wenn dich der Öko-Tramper dann einmal anlächelt, dann ist alles pures Glück.",
      "value": 4,
      "owner": 2,
      "name": "Carsharinganmeldung"
    }
  },
  {
    "pk": 29,
    "model": "card.card",
    "fields": {
      "used": false,
      "target": 2,
      "description": "Du schenkst dem Spießbürger einen echt-indianischen Gartenzwerg, den bereits Sitting Bull vor seinem Tipi stehen hatte. Nun kündet er im Vorgarten von der Weltmännigkeit des stolzen Spießbürgers.",
      "value": 5,
      "owner": 4,
      "name": "Internationaler Gartenzwerg"
    }
  },
  {
    "pk": 30,
    "model": "card.card",
    "fields": {
      "used": false,
      "target": 5,
      "description": "Deine Stimme sichert die Zukunft des Landes und nebenbei die Zukunft des Politikers.",
      "value": 5,
      "owner": 2,
      "name": "Wählen"
    }
  },
  {
    "pk": 31,
    "model": "card.card",
    "fields": {
      "used": false,
      "target": 2,
      "description": "Mit dieser echten Kamelhaardecke aus der Mongolei machst du den Spießbürger überglücklich. Selig in die Decke eingehüllt, träumt er sich während des täglichen Nickerchens auf dem heimischen Sofa in die Weiten der Welt.",
      "value": 3,
      "owner": 4,
      "name": "Kamelhaardecke"
    }
  },
  {
    "pk": 32,
    "model": "card.card",
    "fields": {
      "used": false,
      "target": 5,
      "description": "Des Wählers Gunst, deiner Gunst, gilt alles Tun und Denken des Politikers. Du schenkst ihm Glücksgefühle, indem du seinen Kuli annimmst und überall prahlst, wie gut er schreibt.",
      "value": 3,
      "owner": 2,
      "name": "Kuli-Entgegennahme"
    }
  },
  {
    "pk": 33,
    "model": "card.card",
    "fields": {
      "used": false,
      "target": 3,
      "description": "Wenn Sex, dann ökologisch korrekt: Dessous aus reiner Bio-Baumwolle, Toys ohne Weichmacher, kompostierbare Kondome, Vibrator mit Solarbetrieb. Wie auch immer: Der Sänger ist bestens von dir beraten und bereit für die Freuden der ökologischen Liebe.",
      "value": 6,
      "owner": 4,
      "name": "Ökologische Erotikberatung"
    }
  },
  {
    "pk": 34,
    "model": "card.card",
    "fields": {
      "used": false,
      "target": 3,
      "description": "Das ständige Produzieren kreativer Ergüsse hat den Sänger ausgelaugt. Mit deinen Erfahrungen aus aller Welt führst du ihn zu neuen Horizonten. Er kann neue Inspiration schöpfen.",
      "value": 4,
      "owner": 4,
      "name": "Internationale Inspirationen"
    }
  },
  {
    "pk": 35,
    "model": "card.card",
    "fields": {
      "used": false,
      "target": 5,
      "description": "Schluss mit der Verlotterung in der Politik! Mit deiner Verfassungsbeschwerde wirst du den Politiker Recht und Anstand lehren. Auf zu seiner politischen Hinrichtung!",
      "value": -8,
      "owner": 2,
      "name": "Verfassungsbeschwerde erheben"
    }
  },
  {
    "pk": 36,
    "model": "card.card",
    "fields": {
      "used": false,
      "target": 3,
      "description": "Schluss mit der Preistreiberrei im CD-Handel! Du und deine Freunde steigen groß ins Filesharing ein und sorgen dafür, dass die Verkaufszahlen des Sängers in den Keller rasseln.",
      "value": -8,
      "owner": 2,
      "name": "Filesharing betreiben"
    }
  },
  {
    "pk": 37,
    "model": "card.card",
    "fields": {
      "used": false,
      "target": 5,
      "description": "Dem Herrn Politiker gehen die Argumente aus? Kein Problem: Der Konkurrent, das Opfer deines Farbbeutelwurfs, ist danach politisch ebenso gut abbaubar, wie die Farbe ökologisch ist.",
      "value": 3,
      "owner": 4,
      "name": "Farbbeutelwurf auf den politischen Gegner"
    }
  },
  {
    "pk": 38,
    "model": "card.card",
    "fields": {
      "used": false,
      "target": 5,
      "description": "Dem Politiker mangelt es an internationaler Erfahrung? Du weißt Abhilfe und vermittelst ihm weltgewandte, junge Damen aus Osteuropa, die ihm alles vermitteln, was er auf internationalem Parkett braucht.",
      "value": 6,
      "owner": 4,
      "name": "Vermittlung osteuropäischer Einwanderinnen"
    }
  },
  {
    "pk": 39,
    "model": "card.card",
    "fields": {
      "used": false,
      "target": 1,
      "description": "Du gibst deine hart ersungenen Millionen in die vertrauensvollen Hände des Finanzfachmanns. Da freut sich der Banker und freut sich auf die nächste Pokerpartie mit seinen Kollegen an der Börse.",
      "value": 3,
      "owner": 3,
      "name": "Depoteröffnung"
    }
  },
  {
    "pk": 40,
    "model": "card.card",
    "fields": {
      "used": false,
      "target": 1,
      "description": "Du steigerst deinen Kondomverbrauch in astronomische Höhen. Neben der Konjunktur rettest du auch dem Banker das Quartal an der Börse.",
      "value": 5,
      "owner": 3,
      "name": "Kondomaktienboom"
    }
  },
  {
    "pk": 41,
    "model": "card.card",
    "fields": {
      "used": false,
      "target": 2,
      "description": "Du überredest die Tochter des Spießbürgers, alle Brücken hinter sich abzubrechen und mit dir durch die Welt zu reisen. Vor ihr öffnet sich die ganze Welt, was zählen da schon die paar Scherben im Leben des Spießbürgers?",
      "value": -8,
      "owner": 4,
      "name": "Ins-Ausland-Locken der Tochter"
    }
  },
  {
    "pk": 42,
    "model": "card.card",
    "fields": {
      "used": false,
      "target": 5,
      "description": "Du bist mit allen Wassern gewaschen und kennst alle Keime dieser Welt mit Vornamen. So ist es dir ein Leichtes diesem Politikheini in einer seiner Eskapaden die Syphilis zuzuspielen. Mal sehen, wie er das der Presse erklärt!",
      "value": -8,
      "owner": 4,
      "name": "Zuspielen von Syphilis"
    }
  },
  {
    "pk": 43,
    "model": "card.card",
    "fields": {
      "used": false,
      "target": 2,
      "description": "Eine Postkarte zu Weihnachten und schon ist sich der Spießbürger der Zuneigung seiner Umwelt wieder sicher. Du erweist ihm diesen Liebesdienst.",
      "value": 4,
      "owner": 3,
      "name": "Weihnachtskarte"
    }
  },
  {
    "pk": 44,
    "model": "card.card",
    "fields": {
      "used": false,
      "target": 2,
      "description": "Verantwortung schreibst du von nun an groß: Du übernimmst die Patenschaft für den jüngsten Spross des Spießbürgers.",
      "value": 6,
      "owner": 3,
      "name": "Taufpate werden"
    }
  },
  {
    "pk": 45,
    "model": "card.card",
    "fields": {
      "used": false,
      "target": 4,
      "description": "Beim Umweltschutz hilft es nichts, wenn immer nur darüber geredet wird! Du machst es besser: Du singst für die Rettung der Erde. Der Öko-Tramper ist begeistert.",
      "value": 6,
      "owner": 3,
      "name": "Umweltschutz-Hit"
    }
  },
  {
    "pk": 46,
    "model": "card.card",
    "fields": {
      "used": false,
      "target": 4,
      "description": "Auf der Welle des Erfolgs gilt es etwas fürs Image zu tun. Mit dieser Waldpatenschaft rettest du ein bisschen die Welt. Das rechnet dir der Öko-Tramper hoch an.",
      "value": 3,
      "owner": 3,
      "name": "Waldpatenschaft"
    }
  },
  {
    "pk": 47,
    "model": "card.card",
    "fields": {
      "used": false,
      "target": 5,
      "description": "Du sagst deinen Auftritt bei der Loveparade ab. Damit ersparst du dem Politiker die schwere Bürde der Verantwortung für alles, was da Schlimmes passieren könnte.",
      "value": 4,
      "owner": 3,
      "name": "Loveparade absagen"
    }
  },
  {
    "pk": 48,
    "model": "card.card",
    "fields": {
      "used": false,
      "target": 5,
      "description": "Übermüdung, Stress, Krämpfe der durch Dauerlächeln gebeutelten Gesichtsmuskulatur … all diese Leiden sind dir nicht fremd. Mit deinen Tipps strahlt der Politiker wieder wie aus dem Ei gepellt in jede Kamera.",
      "value": 5,
      "owner": 3,
      "name": "Drogentipps"
    }
  },
  {
    "pk": 49,
    "model": "card.card",
    "fields": {
      "used": false,
      "target": 4,
      "description": "Schluss mit sentimentalem Baumschmusen! Jetzt lässt du dem Öko-Tramper mal ordentlich das Herz krachen und bringst den endemischen Arten ein gutes Stück Popkultur nahe.",
      "value": -8,
      "owner": 3,
      "name": "Popfestival im Naturschutzgebiet"
    }
  },
  {
    "pk": 50,
    "model": "card.card",
    "fields": {
      "used": false,
      "target": 1,
      "description": "Mit deinem Song offenbarst du den dreckigen Kapitalsumpf des Bankers. Abertausende Fans steigen daraufhin aus dem System aus, schließen ihre Konten und leben fortan von Heuschrecken und wildem Honig. Der Banker sieht rot.",
      "value": -8,
      "owner": 3,
      "name": "Antikapitalismussong"
    }
  }
]
