[
  {
    "pk": 1,
    "model": "auth.user",
    "fields": {
      "username": "admin",
      "first_name": "",
      "last_name": "",
      "is_active": true,
      "is_superuser": true,
      "is_staff": true,
      "last_login": "2013-09-09T10:24:45Z",
      "groups": {},
      "user_permissions": {},
      "password": "pbkdf2_sha256$10000$5IEz2lZgs9YM$yy3m0erph+swENyLw1mBQ2tuP/NLYsU8ZrbOk1ieo1A=",
      "email": "",
      "date_joined": "2013-09-09T10:24:45Z"
    }
  },
  {
    "pk": 2,
    "model": "auth.user",
    "fields": {
      "username": "Gruppe1",
      "first_name": "",
      "last_name": "",
      "is_active": true,
      "is_superuser": false,
      "is_staff": false,
      "last_login": "2013-09-09T10:24:45Z",
      "groups": {},
      "user_permissions": {},
      "password": "pbkdf2_sha256$10000$BuQk0EesDSzL$poqMxLRTPW+AkttVYeaYNzLTxc/6hCepXc4HXhCUt3U=",
      "email": "",
      "date_joined": "2013-09-09T10:24:45Z"
    }
  },
  {
    "pk": 3,
    "model": "auth.user",
    "fields": {
      "username": "Gruppe2",
      "first_name": "",
      "last_name": "",
      "is_active": true,
      "is_superuser": false,
      "is_staff": false,
      "last_login": "2013-09-09T10:24:45Z",
      "groups": {},
      "user_permissions": {},
      "password": "pbkdf2_sha256$10000$fq4STqjqgETR$p8FbmEZSRfmkdHj/Et6W/1B/FpuS/0HpWJfQ7xfjTGw=",
      "email": "",
      "date_joined": "2013-09-09T10:24:45Z"
    }
  },
  {
    "pk": 4,
    "model": "auth.user",
    "fields": {
      "username": "Gruppe3",
      "first_name": "",
      "last_name": "",
      "is_active": true,
      "is_superuser": false,
      "is_staff": false,
      "last_login": "2013-09-09T10:24:45Z",
      "groups": {},
      "user_permissions": {},
      "password": "pbkdf2_sha256$10000$BokgmbDW9GwT$b5hCdpHPsaWVmygNcqAUhd85XQJ0jPCTQhL++3QXyb8=",
      "email": "",
      "date_joined": "2013-09-09T10:24:45Z"
    }
  },
  {
    "pk": 5,
    "model": "auth.user",
    "fields": {
      "username": "Gruppe4",
      "first_name": "",
      "last_name": "",
      "is_active": true,
      "is_superuser": false,
      "is_staff": false,
      "last_login": "2013-09-09T10:24:45Z",
      "groups": {},
      "user_permissions": {},
      "password": "pbkdf2_sha256$10000$TFgkq7HrKuMo$H4mzP7l8a1rFESwSRGORI2FsEOih51OlLgWheZnWEk4=",
      "email": "",
      "date_joined": "2013-09-09T10:24:45Z"
    }
  },
  {
    "pk": 6,
    "model": "auth.user",
    "fields": {
      "username": "Gruppe5",
      "first_name": "",
      "last_name": "",
      "is_active": true,
      "is_superuser": false,
      "is_staff": false,
      "last_login": "2013-09-09T10:24:45Z",
      "groups": {},
      "user_permissions": {},
      "password": "pbkdf2_sha256$10000$8EJ3gD40kcWL$08fUf97LrrTI86Bdg+407k0JtIrpQ1rvNGqF2+iCy/c=",
      "email": "",
      "date_joined": "2013-09-09T10:24:45Z"
    }
  },
  {
    "pk": 1,
    "model": "database.constance",
    "fields": {
      "value": "gAJYEAAAAFdpc3NlbiBpc3QgTWFjaHRxAS4=",
      "key": "title"
    }
  },
  {
    "pk": 2,
    "model": "database.constance",
    "fields": {
      "value": "gAJYPQAAAEVpbiBXTEFOLVBsYW5zcGllbCB6dW0gVGhlbWEgUHJpdmF0c3NwaMOkcmVuLSB1bmQgRGF0ZW5zY2h1dHpxAS4=",
      "key": "subtitle"
    }
  },
  {
    "pk": 3,
    "model": "database.constance",
    "fields": {
      "value": "gAJYJgAAAEhlcnpsaWNoIFdpbGxrb21tZW4genVtIFdMQU4tUGxhbnNwaWVscQEu",
      "key": "headline"
    }
  },
  {
    "pk": 4,
    "model": "database.constance",
    "fields": {
      "value": "gAJYNAsAAERhcyBJbmZvcm1hdGlvbnN6ZWl0YWx0ZXIgaGF0IHZpZWxlIEZhY2V0dGVuLiBQb2xpdGlrLCBHZWhlaW1kaWVuc3RlLCBJVC1VbnRlcm5laG1lbiwgTWVkaWVuIHVuZCBQcml2YXRlIGFnaWVyZW4gdmllbGbDpGx0aWcgaW0gTmV0ejogVmVyZGVja3Qgb2RlciBvZmZlbiwgSGF1cHRzYWNoZSBzY2huZWxsIHVuZCBpbmZvcm1hdGl2IG3DvHNzZW4gZGllIERhdGVuIHNlaW4sIGRpZSBkdXJjaCBkaWUgTGVpdHVuZ2VuIHJhc2VuLiBXZXIgd2lyZCBhbSBFbmRlIGRhcyBtZWlzdGUgV2lzc2VuIGhhYmVuLCBzaWNoIGRpZSBtZWlzdGUgTWFjaHQgc2ljaGVybj8NCg0KRGFzIFppZWwgZGVzIFNwaWVscyBpc3QgZXMsIG3DtmdsaWNoc3QgdmllbGUgUHVua3RlIHp1IGVycmVpY2hlbi4gQWxsZSBTcGllbGVyIHN0YXJ0ZW4gYmVyZWl0cyBtaXQgMjAgUHVua3Rlbi4gV2VyIGFtIEVuZGUgZGllIG1laXN0ZW4gUHVua3RlIGhhdCwgZ2V3aW5udC4gRGFzIFNwaWVsIGRhdWVydCBldHdhIDc1IE1pbnV0ZW4uDQoNClfDpGhyZW5kIGRlcyBTcGllbHMgYmxlaWJlbiBkaWUgR3J1cHBlbiB1bnRlciBzaWNoLiBEaWVzZXMgV2ViaW50ZXJmYWNlIHVudGVyc3TDvHR6dCBTaWUgYmVpIGRlbiB3ZXNlbnRsaWNoZW4gQWt0aW9uZW4gZGVzIFNwaWVscyB1bmQgYmVpIGRlciBLb21tdW5pa2F0aW9uIG1pdCBkZW4gTWl0c3BpZWxlcm4uDQoNCk5hY2ggU3BpZWxiZWdpbm4gw7xiZXJsZWdlbiBTaWUgc2ljaCBpbiBJaHJlciBHcnVwcGUgZGllIGJlc3RlIFN0cmF0ZWdpZSBmw7xyIElocmVuIFNwaWVsY2hhcmFrdGVyLiBQbHVzcHVua3RlIGvDtm5uZW4gU2llIG51ciBiZWtvbW1lbiwgd2VubiBTaWUgbWl0IGVpbmVyIGFuZGVyZW4gU3BpZWxmaWd1ciBlaW5lIEthcnRlIHRhdXNjaGVuLCBkYXMgaGVpw590IGdlZ2Vuc2VpdGlnIGF1ZmVpbmFuZGVyIGF1c3NwaWVsZW4uIE1pbnVzcHVua3RlIGvDtm5uZW4gU2llIGJla29tbWVuLCB3ZW5uIGVpbiBhbmRlcmVyIFNwaWVsZXIgZWluZSBwYXNzZW5kZSBNaW51cy1LYXJ0ZSBhdWYgU2llIOKAnmxvc2zDpHNzdOKAnC4NCg0KVW0gZWluZSBQbHVzLUthcnRlIHp1IHNwaWVsZW4sIHZlcndlbmRlbiBTaWUgZGFzIHZvbiBkZXIgU3BpZWxsZWl0dW5nIGF1c2dldGVpbHRlIEZvcm11bGFyLiBOdXIgd2VubiBiZWlkZSBTZWl0ZW4gZWluIGF1ZmVpbmFuZGVyIGJlem9nZW5lcyBGb3JtdWxhciBlaW5yZWljaGVuLCB3aXJkIGRlciBUYXVzY2ggZWluZ2Vsw7ZzdC4gRGVyIGFuZGVyZSBiZWtvbW10IGRpZSBQbHVzcHVua3RlLCBkaWUgYXVmIElocmVyIEthcnRlIG5vdGllcnQgc2luZCwgdW5kIFNpZSBiZWtvbW1lbiB1bWdla2VocnQgZGllIFBsdXNwdW5rdGUsIGRpZSBhdWYgc2VpbmVyIEthcnRlIHN0ZWhlbi4gQWNodHVuZzogV2llIHZpZWxlIFB1bmt0ZSBTaWUgZ2VuYXUgYmVrb21tZW4sIHdpc3NlbiBTaWUgZXJzdCwgd2VubiBkZXIgVGF1c2NoIHZvbGx6b2dlbiBpc3QuDQoNCkRpZSBTcGllbGxlaXR1bmcgc2ljaGVydCBhYiwgZGFzcyBkZXIgdmVyZWluYmFydGUgVGF1c2NoIGF1Y2ggZWluZ2VoYWx0ZW4gd2lyZCwga8O8bW1lcnQgc2ljaCBhYmVyIG5pY2h0LCB3ZW5uIGluaGFsdGxpY2hlIFVuc3RpbW1pZ2tlaXRlbiBhdWZ0cmV0ZW4gb2RlciBlaW5lIFNlaXRlIG5hY2h2ZXJoYW5kZWxuIHdpbGwuDQoNCkluc2dlc2FtdCBkw7xyZmVuIG51ciBmw7xuZiBkZXIgemVobiBLYXJ0ZW4gYXVzZ2VzcGllbHQgd2VyZGVuLiBBbHNvIMO8YmVybGVnZW4gU2llIGd1dCwgbWl0IHdlbSBTaWUgaW5zIEdlc2Now6RmdCBrb21tZW4gd29sbGVuLg0KDQpEaWUgS2FydGVuIG1pdCBkZW4gTWludXNwdW5rdGVuIGvDtm5uZW4gw7xicmlnZW5zIGplZGVyemVpdCBlaW5mYWNoIHNvIGF1ZiBkZW4gYW5kZXJlbiDigJ5sb3NnZWxhc3NlbuKAnCB3ZXJkZW4uIEVpbiBUYXVzY2ggZmluZGV0IGhpZXIgbmljaHQgc3RhdHQuIERlciBhbmRlcmUgYmVrb21tdCBzb2ZvcnQgZGllIE1pbnVzcHVua3RlIHVuZCBrYW5uIHNpY2ggZGFnZWdlbiBuaWNodCB3ZWhyZW4uIERhcyBBdXNzcGllbGVuIHJlZHV6aWVydCBhYmVyIElocmUgQW56YWhsIGFuIHNwaWVsYmFyZW4gS2FydGVuIHVuZCBkYW1pdCBJaHJlIE3DtmdsaWNoa2VpdGVuLCB3ZWl0ZXJlIGfDvG5zdGlnZSBUYXVzY2hha3Rpb25lbiBkdXJjaHp1ZsO8aHJlbi4gTWFuIGthbm4gbmF0w7xybGljaCBhdWNoIG51ciBkcm9oZW4gb2RlciBibHVmZmVuLg0KDQpVbSBtaXQgZGVuIGFuZGVyZW4gU3BpZWxlcm4genUga29tbXVuaXppZXJlbiwgbnV0emVuIFNpZSBkYXMgTmFjaHJpY2h0ZW5wb3J0YWwuIERpZSBOYWNocmljaHRlbiB3ZXJkZW4gdm9uIGRlciBTcGllbGxlaXR1bmcgYXVzZ2VkcnVja3QgdW5kIHp1Z2VzdGVsbHQuIEltIE5hY2hyaWNodGVucG9ydGFsIGvDtm5uZW4gU2llIG51ciBkaWUgZWlnZW5lbiBnZXNlbmRldGVuIE5hY2hyaWNodGVuIG5vY2ggZWlubWFsIG5hY2hsZXNlbi4gRGllIGVtcGZhbmdlbmVuIHVuZCBhbGxlIGZyZW1kZW4gTmFjaHJpY2h0ZW4gc2luZCBnZXNwZXJydC4NCg0KQXVzbmFobWU6IEplZGVyIENoYXJha3RlciBrYW5uIGJpcyB6dSBkcmVpIE5hY2hyaWNodGVuIHZvbiBhbmRlcmVuIFNwaWVsZXJuIGF1c3NwaW9uaWVyZW4uIEpld2VpbHMgZGllIGxldHp0ZSBOYWNocmljaHQsIGRpZSBlaW4gU3BpZWxlciBlaW5lbSBhbmRlcmVuIGdlc2NoaWNrdCBoYXQsIGthbm4gYWJnZWxhdXNjaHQgd2VyZGVuLiBCZW51dHplbiBTaWUgZGF6dSBlaW5mYWNoIGRlbiBMaW5rIGltIE5hY2hyaWNodGVucG9ydGFsLiBXZW5uIGdlcmFkZSBrZWluZSBOYWNocmljaHQgdmVyZsO8Z2JhciBpc3QsIHZlcnN1Y2hlbiBTaWUgZXMgZWluZmFjaCBzcMOkdGVyIG5vY2ggZWlubWFsLnEBLg==",
      "key": "introduction"
    }
  },
  {
    "pk": 5,
    "model": "database.constance",
    "fields": {
      "value": "gAJYDgAAAE5vcm1hbiBKw6Rja2VscQEu",
      "key": "name"
    }
  },
  {
    "pk": 6,
    "model": "database.constance",
    "fields": {
      "value": false,
      "key": "players_can_submit_messages"
    }
  },
  {
    "pk": 7,
    "model": "database.constance",
    "fields": {
      "value": 3,
      "key": "number_of_interceptions"
    }
  },
  {
    "pk": 1,
    "model": "player.player",
    "fields": {
      "playable_cards": 5,
      "score": 20,
      "character": "A-No-Ni-Mos",
      "user": 2,
      "description": "A-No-Ni-Mos ist eine häufig online und selten offline agierende Gruppe von Hackern: Sie sind jung, (hauptsächlich) männlich, unsportlich und bekommen oft zu wenig Tageslicht. Dafür sind sie über alles, was im Netz passiert, bestens informiert, kennen alle technischen Details und beschäftigen sich am liebsten mit den neusten Programmen und Entwicklungen, die das Netz so zu bieten hat. Der ein oder andere von ihnen hat dabei auch schon etwas tiefer in fremde Rechner gesehen, als dem Inhaber lieb ist. Was soll's: Wenn ein cooles Feature des eigenen Projekts mal nicht gelingt, kann man ja immer noch den Router des Nachbarn oder den Server einer Bank cracken ..."
    }
  },
  {
    "pk": 2,
    "model": "player.player",
    "fields": {
      "playable_cards": 5,
      "score": 20,
      "character": "Dr. Franz Flichtig",
      "user": 3,
      "description": "Dr. Franz Flichtig ist der amtierende Innenminister der Bundesrepublik Deutschland. Er hat eine lange Parteikarriere hinter sich und ist noch nicht am Ziel seiner politischen Träume. Ob der Staat viel oder wenig überwacht, mag ihm eigentlich egal sein. Aber Law and Order-Politik hat sich schon immer gut verkauft. So möchte er am liebsten bestens über alles informiert sein. Mit dem Verfassungsschutz und dem BKA hat er auch einige Helfer und Helfershelfer zur Hand. Wenn ihm da nicht immer die anderen Nachrichtendienste und die Länder dazwischen funken würden ..."
    }
  },
  {
    "pk": 3,
    "model": "player.player",
    "fields": {
      "playable_cards": 5,
      "score": 20,
      "character": "Gaagol",
      "user": 4,
      "description": "Gaagol ist das weltweit größte IT-Unternehmen. Seine Gründer haben das Informationszeitalter eingeleitet und mit seinen vielfältigen Diensten, wie Suchmaschinen, E-Mail-Diensten, Videoplattformen, Routenplaner beherrscht es den Alltag vieler Menschen. Aber die vielen Server und Mitarbeiter wollen gefüttert werden: Informationen sind das täglich Brot dieser Firma, Nutzerklicks ihr Lebenssaft, Netzprofile ihr Evangelium. Wenn da nur nicht diese Datenschützer wären ..."
    }
  },
  {
    "pk": 4,
    "model": "player.player",
    "fields": {
      "playable_cards": 5,
      "score": 20,
      "character": "NDB",
      "user": 5,
      "description": "Der NDB ist der deutsche Auslandsnachrichtendienst. Seine Fühler sind weit verteilt, sein Informantennetz ist dicht und seine finanziellen Mittel zur „Gestaltung“ wichtiger politischer Fragen schier unerschöpflich. Wer hier arbeitet und was man hier so macht, weiß keiner. Immerhin geht es vielleicht ums Ganze: Freiheit, Demokratie und die Innovationskraft der heimischen Wirtschaft wollen verteidigt werden. Und da sind nicht nur Diktatoren und Rebellen in irgendwelchen weit entfernten Staaten zu betrachten. Die neue Gefahr droht aus dem Internet und wer da so alles unterwegs ist ...? Wenigstens machen die Provider keinen Ärger, wenn man ihnen nur mit den altbewährten Mittel kommt."
    }
  },
  {
    "pk": 5,
    "model": "player.player",
    "fields": {
      "playable_cards": 5,
      "score": 20,
      "character": "WebBild",
      "user": 6,
      "description": "WebBild ist das Internetportal des Verlags einer großen deutschen Tageszeitung. Hier erfährt der (zahlende) User alles, was auf der Welt passiert. Politische Possen oder das Neuste aus dem Privatleben der Promis: Alles auf einen Klick, mit großen Bildern und Videos und manchmal auch etwas Text. Nur leider brechen die Werbeeinnahmen weg, der Nachrichtenhunger der Leute ist groß und die Konkurrenz schläft auch nicht. Dann muss man eben ab und zu den guten alten Skandaljournalismus aus dem Schrank holen. Und neuerdings gibt es ja im Internet so viel über die Leute zu finden ..."
    }
  },
  {
    "pk": 1,
    "model": "card.card",
    "fields": {
      "used": false,
      "target": 4,
      "description": "Text",
      "value": 3,
      "owner": 2,
      "name": "Reisedaten verdächtiger Personen übermitteln"
    }
  },
  {
    "pk": 2,
    "model": "card.card",
    "fields": {
      "used": false,
      "target": 4,
      "description": "Text",
      "value": 6,
      "owner": 2,
      "name": "Neue Sicherheitsgesetze erlassen"
    }
  },
  {
    "pk": 3,
    "model": "card.card",
    "fields": {
      "used": false,
      "target": 3,
      "description": "",
      "value": 4,
      "owner": 2,
      "name": "Datenschutz lockern"
    }
  },
  {
    "pk": 4,
    "model": "card.card",
    "fields": {
      "used": false,
      "target": 3,
      "description": "",
      "value": 5,
      "owner": 2,
      "name": "Melderegisterabfragen ermöglichen"
    }
  },
  {
    "pk": 5,
    "model": "card.card",
    "fields": {
      "used": false,
      "target": 1,
      "description": "",
      "value": 3,
      "owner": 2,
      "name": "Jobs im Ministerium anbieten"
    }
  },
  {
    "pk": 6,
    "model": "card.card",
    "fields": {
      "used": false,
      "target": 1,
      "description": "",
      "value": 5,
      "owner": 2,
      "name": "Strafverfahren einstellen"
    }
  },
  {
    "pk": 7,
    "model": "card.card",
    "fields": {
      "used": false,
      "target": 5,
      "description": "",
      "value": 4,
      "owner": 2,
      "name": "NSU-Lostopf manipulieren"
    }
  },
  {
    "pk": 8,
    "model": "card.card",
    "fields": {
      "used": false,
      "target": 5,
      "description": "",
      "value": 6,
      "owner": 2,
      "name": "Heiße Tipps über geplante Polizeizugriffe"
    }
  },
  {
    "pk": 9,
    "model": "card.card",
    "fields": {
      "used": false,
      "target": 2,
      "description": "",
      "value": 4,
      "owner": 4,
      "name": "Ausländische Terrorverdächtige melden"
    }
  },
  {
    "pk": 10,
    "model": "card.card",
    "fields": {
      "used": false,
      "target": 2,
      "description": "",
      "value": 6,
      "owner": 4,
      "name": "Doppelgänger für wichtige Politiker finden"
    }
  },
  {
    "pk": 11,
    "model": "card.card",
    "fields": {
      "used": false,
      "target": 3,
      "description": "",
      "value": 3,
      "owner": 4,
      "name": "Ausländische Regime zur Netzpolitik „beraten“"
    }
  },
  {
    "pk": 12,
    "model": "card.card",
    "fields": {
      "used": false,
      "target": 3,
      "description": "",
      "value": 6,
      "owner": 4,
      "name": "Geschäftsgeheimnisse der Konkurrenz übermitteln"
    }
  },
  {
    "pk": 13,
    "model": "card.card",
    "fields": {
      "used": false,
      "target": 1,
      "description": "",
      "value": 4,
      "owner": 4,
      "name": "Kontakte zur Untergrundszene vermitteln"
    }
  },
  {
    "pk": 14,
    "model": "card.card",
    "fields": {
      "used": false,
      "target": 1,
      "description": "",
      "value": 5,
      "owner": 4,
      "name": "Neuste Kryptographietechnik untersuchen lassen"
    }
  },
  {
    "pk": 15,
    "model": "card.card",
    "fields": {
      "used": false,
      "target": 5,
      "description": "",
      "value": 5,
      "owner": 4,
      "name": "Infos über den nächsten Putsch zuspielen"
    }
  },
  {
    "pk": 16,
    "model": "card.card",
    "fields": {
      "used": false,
      "target": 5,
      "description": "",
      "value": 3,
      "owner": 4,
      "name": "Exklusivinterview mit dem Präsidenten ermöglichen"
    }
  },
  {
    "pk": 17,
    "model": "card.card",
    "fields": {
      "used": false,
      "target": 2,
      "description": "",
      "value": 3,
      "owner": 3,
      "name": "Vorratsdaten abliefern"
    }
  },
  {
    "pk": 18,
    "model": "card.card",
    "fields": {
      "used": false,
      "target": 2,
      "description": "",
      "value": 5,
      "owner": 3,
      "name": "Ungepixelte StreetView-Daten übersenden"
    }
  },
  {
    "pk": 19,
    "model": "card.card",
    "fields": {
      "used": false,
      "target": 4,
      "description": "",
      "value": 6,
      "owner": 3,
      "name": "Zugriff auf Cloud Storages eröffnen"
    }
  },
  {
    "pk": 20,
    "model": "card.card",
    "fields": {
      "used": false,
      "target": 4,
      "description": "",
      "value": 4,
      "owner": 3,
      "name": "Gaagol-Maps im Ausland manipulieren"
    }
  },
  {
    "pk": 21,
    "model": "card.card",
    "fields": {
      "used": false,
      "target": 1,
      "description": "",
      "value": 3,
      "owner": 3,
      "name": "Kostenlose Entwicklerplattform einrichten"
    }
  },
  {
    "pk": 22,
    "model": "card.card",
    "fields": {
      "used": false,
      "target": 1,
      "description": "",
      "value": 6,
      "owner": 3,
      "name": "Großsponsoring des nächsten Hackertreffens"
    }
  },
  {
    "pk": 23,
    "model": "card.card",
    "fields": {
      "used": false,
      "target": 5,
      "description": "",
      "value": 4,
      "owner": 3,
      "name": "Werbedaten übermitteln"
    }
  },
  {
    "pk": 24,
    "model": "card.card",
    "fields": {
      "used": false,
      "target": 5,
      "description": "",
      "value": 5,
      "owner": 3,
      "name": "Suchtreffer der Konkurrenz minimieren"
    }
  },
  {
    "pk": 25,
    "model": "card.card",
    "fields": {
      "used": false,
      "target": 2,
      "description": "",
      "value": 4,
      "owner": 1,
      "name": "Filesharer und Internetpiraten verraten"
    }
  },
  {
    "pk": 26,
    "model": "card.card",
    "fields": {
      "used": false,
      "target": 2,
      "description": "",
      "value": 5,
      "owner": 1,
      "name": "Börsendaten hacken und manipulieren"
    }
  },
  {
    "pk": 27,
    "model": "card.card",
    "fields": {
      "used": false,
      "target": 4,
      "description": "",
      "value": 5,
      "owner": 1,
      "name": "Botnetzangriff auf ausländisches Regime"
    }
  },
  {
    "pk": 28,
    "model": "card.card",
    "fields": {
      "used": false,
      "target": 4,
      "description": "",
      "value": 3,
      "owner": 1,
      "name": "Fähige Hacker und V-Leute vermitteln"
    }
  },
  {
    "pk": 29,
    "model": "card.card",
    "fields": {
      "used": false,
      "target": 3,
      "description": "",
      "value": 4,
      "owner": 1,
      "name": "Dienste auf Herz und Nieren testen"
    }
  },
  {
    "pk": 30,
    "model": "card.card",
    "fields": {
      "used": false,
      "target": 3,
      "description": "",
      "value": 6,
      "owner": 1,
      "name": "Standardsuchmaschine in freien Softwareprojekten einstellen"
    }
  },
  {
    "pk": 31,
    "model": "card.card",
    "fields": {
      "used": false,
      "target": 5,
      "description": "",
      "value": 3,
      "owner": 1,
      "name": "Beiträge lesen und kaufen"
    }
  },
  {
    "pk": 32,
    "model": "card.card",
    "fields": {
      "used": false,
      "target": 5,
      "description": "",
      "value": 6,
      "owner": 1,
      "name": "Exklusiveinformationen über den neusten Datenskandal mitteilen"
    }
  },
  {
    "pk": 33,
    "model": "card.card",
    "fields": {
      "used": false,
      "target": 2,
      "description": "",
      "value": 3,
      "owner": 5,
      "name": "Wahlwerbung gut platzieren"
    }
  },
  {
    "pk": 34,
    "model": "card.card",
    "fields": {
      "used": false,
      "target": 2,
      "description": "",
      "value": 6,
      "owner": 5,
      "name": "Kampagne für schärfere Sicherheitsgesetze fahren"
    }
  },
  {
    "pk": 35,
    "model": "card.card",
    "fields": {
      "used": false,
      "target": 4,
      "description": "",
      "value": 4,
      "owner": 5,
      "name": "Gezielter Journalismus über ausländische Regime"
    }
  },
  {
    "pk": 36,
    "model": "card.card",
    "fields": {
      "used": false,
      "target": 4,
      "description": "",
      "value": 5,
      "owner": 5,
      "name": "Informanten- und Korrespondentennetzwerk überlassen"
    }
  },
  {
    "pk": 37,
    "model": "card.card",
    "fields": {
      "used": false,
      "target": 3,
      "description": "",
      "value": 5,
      "owner": 5,
      "name": "Nutzungsrechte an eigenen Beiträgen einräumen"
    }
  },
  {
    "pk": 38,
    "model": "card.card",
    "fields": {
      "used": false,
      "target": 3,
      "description": "",
      "value": 3,
      "owner": 5,
      "name": "Gezielte Links setzen"
    }
  },
  {
    "pk": 39,
    "model": "card.card",
    "fields": {
      "used": false,
      "target": 1,
      "description": "",
      "value": 6,
      "owner": 5,
      "name": "Über die neusten Projekte intensiv berichten"
    }
  },
  {
    "pk": 40,
    "model": "card.card",
    "fields": {
      "used": false,
      "target": 1,
      "description": "",
      "value": 4,
      "owner": 5,
      "name": "Hackerwettbewerb ausschreiben"
    }
  },
  {
    "pk": 41,
    "model": "card.card",
    "fields": {
      "used": false,
      "target": 3,
      "description": "",
      "value": -8,
      "owner": 2,
      "name": "Urheberrecht verschärfen"
    }
  },
  {
    "pk": 42,
    "model": "card.card",
    "fields": {
      "used": false,
      "target": 1,
      "description": "",
      "value": -8,
      "owner": 2,
      "name": "V-Leute einschleusen, Gruppen zersetzen"
    }
  },
  {
    "pk": 43,
    "model": "card.card",
    "fields": {
      "used": false,
      "target": 2,
      "description": "",
      "value": -8,
      "owner": 4,
      "name": "Eigeninitiative im Inneren starten"
    }
  },
  {
    "pk": 44,
    "model": "card.card",
    "fields": {
      "used": false,
      "target": 3,
      "description": "",
      "value": -8,
      "owner": 4,
      "name": "Zugriff auf chinesisches Netz sperren lassen"
    }
  },
  {
    "pk": 45,
    "model": "card.card",
    "fields": {
      "used": false,
      "target": 1,
      "description": "",
      "value": -8,
      "owner": 3,
      "name": "Hackerfreunde abwerben"
    }
  },
  {
    "pk": 46,
    "model": "card.card",
    "fields": {
      "used": false,
      "target": 5,
      "description": "",
      "value": -8,
      "owner": 3,
      "name": "Beiträge aus der Suche nehmen"
    }
  },
  {
    "pk": 47,
    "model": "card.card",
    "fields": {
      "used": false,
      "target": 5,
      "description": "",
      "value": -8,
      "owner": 1,
      "name": "DoS-Angriff fahren"
    }
  },
  {
    "pk": 48,
    "model": "card.card",
    "fields": {
      "used": false,
      "target": 4,
      "description": "",
      "value": -8,
      "owner": 1,
      "name": "Informaten und Spione enttarnen"
    }
  },
  {
    "pk": 49,
    "model": "card.card",
    "fields": {
      "used": false,
      "target": 4,
      "description": "",
      "value": -8,
      "owner": 5,
      "name": "Datenskandal publizieren"
    }
  },
  {
    "pk": 50,
    "model": "card.card",
    "fields": {
      "used": false,
      "target": 2,
      "description": "",
      "value": -8,
      "owner": 5,
      "name": "Privates Liebesverhältnis (er-)finden"
    }
  }
]
